<?xml version="1.0" encoding="UTF-8"?>
<!DOCTYPE hibernate-configuration PUBLIC
	"-//Hibernate/Hibernate Configuration DTD 3.0//EN"
	"http://www.hibernate.org/dtd/hibernate-configuration-3.0.dtd">

<hibernate-configuration>
<session-factory>
<property name="hibernate.connection.driver_class">com.mysql.jdbc.Driver</property>
        <property name="hibernate.connection.url">jdbc:mysql://localhost:3306/moviebookingDB</property>
        <property name="hibernate.connection.username">root</property>
        <property name="hibernate.connection.password">Omika@123</property>
        <property name="hibernate.dialect">org.hibernate.dialect.MySQLDialect</property>
        <property name="hibernate.format_sql">true</property>
        <property name="hibernate.use_sql_comments">true</property>
        <property name="hibernate.hbm2ddl.auto">update</property>
        <!-- Mapping classes here -->
        <mapping class="BookMovie.com.User"/>
        <mapping class="BookMovie.com.Movie"/>
        <mapping class="BookMovie.com.Booking"/>
         
</session-factory>
</hibernate-configuration>